Timestamp,Active Power-Avg MFM-OUT (KW),AC_Active Output Power (KW) LCR1:INV1,DC_Power (KW) LCR1:INV1,AC_Active Output Power (KW) LCR1:INV2,DC_Power (KW) LCR1:INV2,AC_Active Output Power (KW) MCR:INV5,DC_Power (KW) MCR:INV5,AC_Active Output Power (KW) LCR2:INV3,DC_Power (KW) LCR2:INV3,AC_Active Output Power (KW) LCR2:INV4,DC_Power (KW) LCR2:INV4,Module Temperature (C),Ambient Temperature (C),POA (W/m2),GHI_W (W/m2),Plant CUF,Temp Co PR
13-03-2026 00:15,0.0,0.0,0.0,0.0,0.0,0.0,0.0,0.0,0.0,0.0,0.0,21.05,25.51,0.25,0.14,0.0,0.0
13-03-2026 00:30,0.0,0.0,0.0,0.0,0.0,0.0,0.0,0.0,0.0,0.0,0.0,20.64,25.21,0.29,0.15,0.0,0.0
13-03-2026 00:45,0.0,0.0,0.0,0.0,0.0,0.0,0.0,0.0,0.0,0.0,0.0,20.48,24.82,0.28,0.14,0.0,0.0
13-03-2026 01:00,0.0,0.0,0.0,0.0,0.0,0.0,0.0,0.0,0.0,0.0,0.0,20.95,24.68,0.24,0.15,0.0,0.0
13-03-2026 01:15,0.0,0.0,0.0,0.0,0.0,0.0,0.0,0.0,0.0,0.0,0.0,20.83,24.84,0.27,0.15,0.0,0.0
13-03-2026 01:30,0.0,0.0,0.0,0.0,0.0,0.0,0.0,0.0,0.0,0.0,0.0,20.39,24.46,0.26,0.15,0.0,0.0
13-03-2026 01:45,0.0,0.0,0.0,0.0,0.0,0.0,0.0,0.0,0.0,0.0,0.0,19.87,23.94,0.25,0.14,0.0,0.0
13-03-2026 02:00,0.0,0.0,0.0,0.0,0.0,0.0,0.0,0.0,0.0,0.0,0.0,18.88,23.43,0.29,0.15,0.0,0.0
13-03-2026 02:15,0.0,0.0,0.0,0.0,0.0,0.0,0.0,0.0,0.0,0.0,0.0,18.78,23.47,0.27,0.15,0.0,0.0
13-03-2026 02:30,0.0,0.0,0.0,0.0,0.0,0.0,0.0,0.0,0.0,0.0,0.0,19.42,23.76,0.31,0.16,0.0,0.0
13-03-2026 02:45,0.0,0.0,0.0,0.0,0.0,0.0,0.0,0.0,0.0,0.0,0.0,19.07,23.04,0.29,0.16,0.0,0.0
13-03-2026 03:00,0.0,0.0,0.0,0.0,0.0,0.0,0.0,0.0,0.0,0.0,0.0,18.32,22.69,0.33,0.16,0.0,0.0
13-03-2026 03:15,0.0,0.0,0.0,0.0,0.0,0.0,0.0,0.0,0.0,0.0,0.0,17.11,21.93,0.31,0.15,0.0,0.0
13-03-2026 03:30,0.0,0.0,0.0,0.0,0.0,0.0,0.0,0.0,0.0,0.0,0.0,17.83,22.13,0.31,0.17,0.0,0.0
13-03-2026 03:45,0.0,0.0,0.0,0.0,0.0,0.0,0.0,0.0,0.0,0.0,0.0,17.37,21.34,0.34,0.17,0.0,0.0
13-03-2026 04:00,0.0,0.0,0.0,0.0,0.0,0.0,0.0,0.0,0.0,0.0,0.0,16.67,20.68,0.33,0.17,0.0,0.0
13-03-2026 04:15,0.0,0.0,0.0,0.0,0.0,0.0,0.0,0.0,0.0,0.0,0.0,16.42,20.82,0.33,0.18,0.0,0.0
13-03-2026 04:30,0.0,0.0,0.0,0.0,0.0,0.0,0.0,0.0,0.0,0.0,0.0,16.61,20.48,0.33,0.17,0.0,0.0
13-03-2026 04:45,0.0,0.0,0.0,0.0,0.0,0.0,0.0,0.0,0.0,0.0,0.0,16.2,20.15,0.28,0.15,0.0,0.0
13-03-2026 05:00,0.0,0.0,0.0,0.0,0.0,0.0,0.0,0.0,0.0,0.0,0.0,16.6,20.12,0.32,0.18,0.0,0.0
13-03-2026 05:15,0.0,0.0,0.0,0.0,0.0,0.0,0.0,0.0,0.0,0.0,0.0,16.12,19.67,0.34,0.16,0.0,0.0
13-03-2026 05:30,0.0,0.0,0.0,0.0,0.0,0.0,0.0,0.0,0.0,0.0,0.0,15.79,19.46,0.35,0.17,0.0,0.0
13-03-2026 05:45,0.0,0.0,0.0,0.0,0.0,0.0,0.0,0.0,0.0,0.0,0.0,15.8,19.42,0.37,0.19,0.0,0.0
13-03-2026 06:00,0.0,0.0,0.0,0.0,0.0,0.0,0.0,0.0,0.0,0.0,0.0,16.34,19.69,0.35,0.19,0.0,0.0
13-03-2026 06:15,0.0,0.0,0.0,0.0,0.0,0.0,0.0,0.0,0.0,0.0,0.0,16.01,19.58,0.35,0.18,0.0,0.0
13-03-2026 06:30,15.75,0.0,0.0,0.0,0.0,6.99,7.23,6.12,6.35,6.67,6.93,15.73,19.02,1.88,1.36,0.0,30.24
13-03-2026 06:45,162.0,0.0,0.0,0.0,0.0,42.33,43.64,41.31,42.6,43.09,44.37,16.07,19.2,16.0,15.11,0.0,59.05
13-03-2026 07:00,529.71,0.0,0.0,0.0,0.0,112.53,115.0,111.71,113.51,114.98,116.84,16.82,19.68,44.08,43.01,0.25,70.31
13-03-2026 07:15,1053.6,233.06,236.09,234.32,237.36,212.44,216.79,216.95,219.86,221.53,224.46,17.79,20.04,84.23,82.61,0.25,73.46
13-03-2026 07:30,1710.0,348.47,353.43,330.89,335.65,342.58,348.86,346.83,351.79,353.65,358.74,20.26,20.84,133.72,131.04,0.25,75.83
13-03-2026 07:45,2469.6,500.6,506.87,504.59,510.89,492.93,501.19,500.39,506.66,505.39,511.7,22.61,21.82,187.45,182.29,0.5,78.84
13-03-2026 08:00,3325.2,672.25,680.2,677.64,685.65,662.61,673.39,669.74,677.66,679.94,687.98,26.3,23.15,246.03,237.05,0.75,82.09
13-03-2026 08:15,4198.8,846.12,856.18,853.62,863.78,834.94,848.44,841.83,851.85,856.3,866.5,29.28,24.39,304.23,290.88,1.0,84.84
13-03-2026 08:30,5070.0,1020.84,1033.38,1029.14,1041.79,1012.37,1029.32,1016.93,1029.43,1037.0,1049.83,32.97,25.64,362.34,344.28,1.5,87.33
13-03-2026 08:45,5976.6,1195.26,1210.51,1211.69,1227.15,1198.86,1219.66,1197.0,1212.27,1223.77,1239.39,35.02,26.27,426.89,401.7,1.75,88.12
13-03-2026 09:00,6733.8,1350.53,1367.76,1368.54,1386.01,1350.12,1374.43,1350.69,1367.93,1379.3,1396.9,37.72,27.33,484.94,450.44,2.25,88.39
13-03-2026 09:15,7486.07,1495.7,1515.01,1514.38,1534.39,1499.11,1527.2,1495.07,1514.6,1533.75,1554.46,40.29,27.78,544.53,500.99,2.75,88.48
13-03-2026 09:30,8152.07,1634.76,1659.15,1656.3,1681.01,1631.47,1663.1,1631.08,1655.42,1668.99,1693.88,42.64,28.55,598.7,546.47,3.25,88.51
13-03-2026 09:45,8820.64,1762.85,1789.15,1786.57,1813.22,1758.79,1793.99,1755.83,1782.03,1797.71,1824.53,44.48,29.18,649.33,587.82,4.0,89.01
13-03-2026 10:00,9380.4,1877.07,1905.08,1899.44,1927.77,1878.69,1917.37,1878.35,1906.38,1924.85,1953.56,46.27,30.0,700.11,626.89,4.5,88.48
13-03-2026 10:15,9834.43,1969.71,1999.1,1994.36,2024.11,1974.56,2015.99,1966.32,1995.65,2021.7,2051.86,47.86,30.86,744.84,659.23,5.25,87.8
13-03-2026 10:30,10247.4,2058.66,2089.73,2077.67,2109.39,2047.52,2091.09,2051.41,2082.23,2110.0,2143.3,50.52,31.67,782.12,684.17,6.0,88.16
13-03-2026 10:45,10684.93,2146.72,2180.97,2175.79,2210.5,2129.94,2175.97,2133.64,2167.68,2190.93,2225.88,52.22,32.44,824.45,714.47,6.75,87.87
13-03-2026 11:00,10965.46,2199.77,2234.85,2232.09,2267.69,2192.42,2240.36,2184.46,2219.3,2246.66,2282.68,53.68,32.99,856.69,736.62,7.5,87.36
13-03-2026 11:15,11346.0,2274.86,2311.24,2305.46,2343.57,2270.07,2320.41,2265.02,2301.15,2325.07,2363.55,54.2,33.46,891.53,763.8,8.25,87.06
13-03-2026 11:30,11582.36,2317.96,2356.37,2351.72,2390.68,2326.78,2378.91,2313.5,2351.7,2374.88,2414.23,54.37,33.86,921.28,785.02,9.0,86.07
13-03-2026 11:45,11739.6,2344.7,2383.55,2380.43,2419.88,2356.5,2409.58,2343.43,2382.26,2411.6,2451.56,55.99,34.73,937.68,798.04,10.0,86.35
13-03-2026 12:00,11830.5,2364.48,2403.66,2398.73,2438.47,2367.58,2421.02,2363.61,2402.77,2433.62,2473.94,57.07,35.38,948.76,807.12,10.75,86.43
13-03-2026 12:15,11860.8,2360.68,2399.79,2404.15,2443.98,2384.29,2438.27,2369.83,2409.09,2443.09,2483.57,57.92,36.26,958.81,818.78,11.5,86.08
13-03-2026 12:30,11887.2,2361.68,2400.82,2410.51,2450.45,2383.86,2437.83,2382.73,2422.21,2445.91,2486.43,58.32,36.39,962.42,828.52,12.5,86.1
13-03-2026 12:45,11887.8,2366.54,2405.75,2413.94,2453.93,2384.18,2438.16,2375.65,2415.02,2437.71,2478.11,58.63,37.16,963.85,835.52,13.25,86.1
13-03-2026 13:00,11808.6,2345.6,2384.47,2389.09,2428.67,2365.98,2419.36,2362.84,2402.0,2436.1,2476.47,58.24,37.17,960.36,840.44,14.0,85.68
13-03-2026 13:15,11710.29,2343.41,2382.24,2379.1,2418.52,2345.07,2397.78,2355.37,2394.4,2403.7,2443.52,57.44,37.38,945.64,835.92,14.75,85.97
13-03-2026 13:30,11381.79,2284.99,2322.29,2319.08,2357.04,2253.73,2303.57,2283.7,2320.9,2333.57,2372.0,57.5,37.45,912.67,811.13,15.75,86.61
13-03-2026 13:45,11123.36,2205.21,2240.39,2245.61,2281.43,2237.97,2287.31,2225.21,2260.7,2297.07,2334.66,57.15,37.62,898.6,803.56,16.5,85.83
13-03-2026 14:00,10797.6,2138.93,2173.05,2178.68,2213.43,2197.01,2245.09,2148.73,2182.85,2223.47,2258.99,55.99,37.57,888.44,794.66,17.25,83.82
13-03-2026 14:15,10124.4,1989.52,2019.2,2036.79,2067.47,2069.37,2113.61,2010.61,2040.9,2100.12,2132.71,55.4,38.08,840.85,751.85,18.0,82.82
13-03-2026 14:30,9613.93,1904.12,1932.52,1938.55,1967.47,1917.01,1956.79,1907.3,1935.75,1959.38,1988.76,53.71,38.02,771.36,691.48,18.5,85.07
13-03-2026 14:45,8689.8,1730.86,1756.68,1768.17,1794.55,1728.43,1762.76,1733.3,1759.16,1777.55,1804.07,52.76,38.12,691.1,620.51,19.25,85.46
13-03-2026 15:00,8166.21,1607.28,1631.04,1642.89,1667.4,1634.3,1666.0,1633.35,1657.72,1692.25,1717.5,51.42,38.07,652.24,585.41,19.75,84.58
13-03-2026 15:15,7486.2,1483.89,1502.94,1520.74,1541.18,1501.18,1529.32,1489.77,1509.23,1533.56,1554.5,50.73,38.27,602.01,539.28,20.25,83.75
13-03-2026 15:30,6951.0,1368.62,1386.08,1403.82,1421.74,1375.31,1400.23,1398.76,1416.6,1444.84,1463.28,50.07,38.51,551.09,493.28,20.75,84.7
13-03-2026 15:45,6303.0,1220.4,1235.97,1253.89,1269.89,1292.23,1315.13,1318.35,1335.17,1385.45,1403.13,48.65,38.54,517.32,462.18,21.25,81.3
13-03-2026 16:00,5640.0,1113.81,1127.93,1139.24,1153.78,1126.63,1145.9,0.0,0.0,0.0,0.0,46.88,38.24,454.41,405.8,21.5,82.18
13-03-2026 16:15,4915.8,971.78,983.38,998.74,1010.83,979.34,995.62,0.0,0.0,0.0,0.0,44.39,37.96,396.64,353.08,22.0,81.18
13-03-2026 16:30,4155.6,821.62,831.39,847.06,857.14,824.9,838.2,0.0,0.0,0.0,0.0,42.08,37.78,339.2,300.89,22.25,79.45
13-03-2026 16:45,3395.4,665.25,673.11,684.8,692.9,682.79,693.85,614.94,622.18,634.4,641.89,40.72,37.57,287.05,253.75,22.5,76.26
13-03-2026 17:00,2544.43,497.4,503.65,513.01,519.41,517.05,525.63,492.43,498.64,513.96,520.35,39.25,37.23,226.04,199.0,22.5,72.12
13-03-2026 17:15,1859.4,368.56,373.86,380.43,385.78,371.19,377.87,363.6,368.83,373.51,378.83,37.6,36.86,167.66,147.39,22.75,70.56
13-03-2026 17:30,1246.8,248.44,252.16,256.98,260.77,250.7,255.81,242.74,246.44,249.55,253.31,35.87,36.31,118.61,103.22,22.75,66.4
13-03-2026 17:45,764.4,154.85,157.91,159.9,163.06,155.8,160.1,149.76,152.72,154.06,157.11,34.33,35.68,75.9,65.83,22.75,63.21
13-03-2026 18:00,387.0,80.71,83.49,83.12,85.91,81.7,84.25,76.15,78.89,78.7,81.46,32.75,35.04,39.31,34.2,23.0,61.38
13-03-2026 18:15,116.4,28.11,29.19,28.16,29.25,28.65,29.6,24.87,25.83,25.96,26.96,30.83,34.3,11.91,9.93,23.0,60.46
13-03-2026 18:30,18.0,1.96,2.04,1.4,1.46,2.87,3.0,1.36,1.43,1.44,1.52,29.18,33.4,0.62,0.32,23.0,43.76
13-03-2026 18:45,0.0,0.0,0.0,0.0,0.0,0.0,0.0,0.0,0.0,0.0,0.0,28.08,32.75,0.1,0.11,23.0,0.0
13-03-2026 19:00,0.0,0.0,0.0,0.0,0.0,0.0,0.0,0.0,0.0,0.0,0.0,27.7,32.38,0.12,0.13,23.0,0.0
13-03-2026 19:15,0.0,0.0,0.0,0.0,0.0,0.0,0.0,0.0,0.0,0.0,0.0,26.52,31.78,0.13,0.12,23.0,0.0
13-03-2026 19:30,0.0,0.0,0.0,0.0,0.0,0.0,0.0,0.0,0.0,0.0,0.0,25.36,30.33,0.16,0.13,23.0,0.0
13-03-2026 19:45,0.0,0.0,0.0,0.0,0.0,0.0,0.0,0.0,0.0,0.0,0.0,24.64,29.81,0.18,0.13,23.0,0.0
13-03-2026 20:00,0.0,0.0,0.0,0.0,0.0,0.0,0.0,0.0,0.0,0.0,0.0,24.12,29.52,0.17,0.12,23.0,0.0
13-03-2026 20:15,0.0,0.0,0.0,0.0,0.0,0.0,0.0,0.0,0.0,0.0,0.0,22.71,28.47,0.21,0.13,23.0,0.0
13-03-2026 20:30,0.0,0.0,0.0,0.0,0.0,0.0,0.0,0.0,0.0,0.0,0.0,22.94,27.94,0.24,0.14,23.0,0.0
13-03-2026 20:45,0.0,0.0,0.0,0.0,0.0,0.0,0.0,0.0,0.0,0.0,0.0,22.04,27.5,0.2,0.13,23.0,0.0
13-03-2026 21:00,0.0,0.0,0.0,0.0,0.0,0.0,0.0,0.0,0.0,0.0,0.0,21.88,27.0,0.24,0.15,23.0,0.0
13-03-2026 21:15,0.0,0.0,0.0,0.0,0.0,0.0,0.0,0.0,0.0,0.0,0.0,21.76,26.54,0.26,0.14,23.0,0.0
13-03-2026 21:30,0.0,0.0,0.0,0.0,0.0,0.0,0.0,0.0,0.0,0.0,0.0,21.43,25.9,0.22,0.14,23.0,0.0
