date,temperature_2m,wind_speed_10m,diffuse_radiation,global_tilted_irradiance,source_date,fetched_at_utc
2026-03-25 00:00:00+05:30,29.484999,10.495713,0.0,0.0,2026-03-25,2026-03-26T21:10:11.903433+05:30
2026-03-25 00:15:00+05:30,29.335,10.383987,0.0,0.0,2026-03-25,2026-03-26T21:10:11.903433+05:30
2026-03-25 00:30:00+05:30,29.185,10.233123,0.0,0.0,2026-03-25,2026-03-26T21:10:11.903433+05:30
2026-03-25 00:45:00+05:30,29.035,9.957108,0.0,0.0,2026-03-25,2026-03-26T21:10:11.903433+05:30
2026-03-25 01:00:00+05:30,28.885,10.00256,0.0,0.0,2026-03-25,2026-03-26T21:10:11.903433+05:30
2026-03-25 01:15:00+05:30,28.734999,10.587917,0.0,0.0,2026-03-25,2026-03-26T21:10:11.903433+05:30
2026-03-25 01:30:00+05:30,28.585,10.594036,0.0,0.0,2026-03-25,2026-03-26T21:10:11.903433+05:30
2026-03-25 01:45:00+05:30,28.385,10.086427,0.0,0.0,2026-03-25,2026-03-26T21:10:11.903433+05:30
2026-03-25 02:00:00+05:30,28.185,9.47012,0.0,0.0,2026-03-25,2026-03-26T21:10:11.903433+05:30
2026-03-25 02:15:00+05:30,28.035,8.311245,0.0,0.0,2026-03-25,2026-03-26T21:10:11.903433+05:30
2026-03-25 02:30:00+05:30,27.885,7.10031,0.0,0.0,2026-03-25,2026-03-26T21:10:11.903433+05:30
2026-03-25 02:45:00+05:30,27.835,5.1165614,0.0,0.0,2026-03-25,2026-03-26T21:10:11.903433+05:30
2026-03-25 03:00:00+05:30,27.835,4.0249224,0.0,0.0,2026-03-25,2026-03-26T21:10:11.903433+05:30
2026-03-25 03:15:00+05:30,27.835,5.3999996,0.0,0.0,2026-03-25,2026-03-26T21:10:11.903433+05:30
2026-03-25 03:30:00+05:30,27.785,7.754637,0.0,0.0,2026-03-25,2026-03-26T21:10:11.903433+05:30
2026-03-25 03:45:00+05:30,27.635,8.905908,0.0,0.0,2026-03-25,2026-03-26T21:10:11.903433+05:30
2026-03-25 04:00:00+05:30,27.435,9.0645685,0.0,0.0,2026-03-25,2026-03-26T21:10:11.903433+05:30
2026-03-25 04:15:00+05:30,27.185,8.64,0.0,0.0,2026-03-25,2026-03-26T21:10:11.903433+05:30
2026-03-25 04:30:00+05:30,26.984999,8.669949,0.0,0.0,2026-03-25,2026-03-26T21:10:11.903433+05:30
2026-03-25 04:45:00+05:30,26.785,8.287822,0.0,0.0,2026-03-25,2026-03-26T21:10:11.903433+05:30
2026-03-25 05:00:00+05:30,26.585,7.928178,0.0,0.0,2026-03-25,2026-03-26T21:10:11.903433+05:30
2026-03-25 05:15:00+05:30,26.435,7.2805495,0.0,0.0,2026-03-25,2026-03-26T21:10:11.903433+05:30
2026-03-25 05:30:00+05:30,26.285,6.9899354,0.0,0.0,2026-03-25,2026-03-26T21:10:11.903433+05:30
2026-03-25 05:45:00+05:30,26.135,6.924738,0.0,0.0,2026-03-25,2026-03-26T21:10:11.903433+05:30
2026-03-25 06:00:00+05:30,26.035,7.5685663,0.0,0.0,2026-03-25,2026-03-26T21:10:11.903433+05:30
2026-03-25 06:15:00+05:30,25.984999,7.928178,0.0,0.0,2026-03-25,2026-03-26T21:10:11.903433+05:30
2026-03-25 06:30:00+05:30,26.085,7.9932976,0.0,0.0,2026-03-25,2026-03-26T21:10:11.903433+05:30
2026-03-25 06:45:00+05:30,26.335,7.771331,8.0,23.0,2026-03-25,2026-03-26T21:10:11.903433+05:30
2026-03-25 07:00:00+05:30,26.734999,7.172949,22.0,63.0,2026-03-25,2026-03-26T21:10:11.903433+05:30
2026-03-25 07:15:00+05:30,27.234999,6.763786,35.0,107.00001,2026-03-25,2026-03-26T21:10:11.903433+05:30
2026-03-25 07:30:00+05:30,27.685,6.12,46.0,161.0,2026-03-25,2026-03-26T21:10:11.903433+05:30
2026-03-25 07:45:00+05:30,28.135,5.315336,54.0,225.0,2026-03-25,2026-03-26T21:10:11.903433+05:30
2026-03-25 08:00:00+05:30,28.635,4.0249224,59.0,295.0,2026-03-25,2026-03-26T21:10:11.903433+05:30
2026-03-25 08:15:00+05:30,29.135,2.7416782,65.0,362.0,2026-03-25,2026-03-26T21:10:11.903433+05:30
2026-03-25 08:30:00+05:30,29.585,1.835647,69.0,425.0,2026-03-25,2026-03-26T21:10:11.903433+05:30
2026-03-25 08:45:00+05:30,30.035,1.1384199,73.0,486.0,2026-03-25,2026-03-26T21:10:11.903433+05:30
2026-03-25 09:00:00+05:30,30.535,1.08,77.0,544.0,2026-03-25,2026-03-26T21:10:11.903433+05:30
2026-03-25 09:15:00+05:30,30.935,1.9386592,80.0,602.0,2026-03-25,2026-03-26T21:10:11.903433+05:30
2026-03-25 09:30:00+05:30,31.385,2.5959969,82.0,657.0,2026-03-25,2026-03-26T21:10:11.903433+05:30
2026-03-25 09:45:00+05:30,31.785,3.0547013,85.0,709.0,2026-03-25,2026-03-26T21:10:11.903433+05:30
2026-03-25 10:00:00+05:30,32.185,3.096837,87.0,758.0,2026-03-25,2026-03-26T21:10:11.903433+05:30
2026-03-25 10:15:00+05:30,32.535,3.219938,89.0,803.0,2026-03-25,2026-03-26T21:10:11.903433+05:30
2026-03-25 10:30:00+05:30,32.885002,3.5455887,91.0,845.0,2026-03-25,2026-03-26T21:10:11.903433+05:30
2026-03-25 10:45:00+05:30,33.135002,3.8773184,92.0,882.0,2026-03-25,2026-03-26T21:10:11.903433+05:30
2026-03-25 11:00:00+05:30,33.385002,4.0249224,94.0,915.0,2026-03-25,2026-03-26T21:10:11.903433+05:30
2026-03-25 11:15:00+05:30,33.585003,4.510787,95.0,944.0,2026-03-25,2026-03-26T21:10:11.903433+05:30
2026-03-25 11:30:00+05:30,33.785,4.510787,95.0,968.0,2026-03-25,2026-03-26T21:10:11.903433+05:30
2026-03-25 11:45:00+05:30,34.035,4.510787,96.0,988.0,2026-03-25,2026-03-26T21:10:11.903433+05:30
2026-03-25 12:00:00+05:30,34.235,4.510787,96.0,1002.0,2026-03-25,2026-03-26T21:10:11.903433+05:30
2026-03-25 12:15:00+05:30,34.485,4.3498964,96.0,1012.0,2026-03-25,2026-03-26T21:10:11.903433+05:30
2026-03-25 12:30:00+05:30,34.685,4.3498964,97.0,1018.0,2026-03-25,2026-03-26T21:10:11.903433+05:30
2026-03-25 12:45:00+05:30,34.835003,4.3498964,97.0,1018.0,2026-03-25,2026-03-26T21:10:11.903433+05:30
2026-03-25 13:00:00+05:30,35.035,4.829907,96.0,1014.0,2026-03-25,2026-03-26T21:10:11.903433+05:30
2026-03-25 13:15:00+05:30,35.135002,4.829907,96.0,1004.0,2026-03-25,2026-03-26T21:10:11.903433+05:30
2026-03-25 13:30:00+05:30,35.285,5.154415,95.0,990.0,2026-03-25,2026-03-26T21:10:11.903433+05:30
2026-03-25 13:45:00+05:30,35.435,5.154415,95.0,971.0,2026-03-25,2026-03-26T21:10:11.903433+05:30
2026-03-25 14:00:00+05:30,35.535,5.3517847,94.0,947.0,2026-03-25,2026-03-26T21:10:11.903433+05:30
2026-03-25 14:15:00+05:30,35.685,5.3517847,92.0,919.0,2026-03-25,2026-03-26T21:10:11.903433+05:30
2026-03-25 14:30:00+05:30,35.785,5.5887027,89.0,887.0,2026-03-25,2026-03-26T21:10:11.903433+05:30
2026-03-25 14:45:00+05:30,35.885002,5.5887027,85.0,852.0,2026-03-25,2026-03-26T21:10:11.903433+05:30
2026-03-25 15:00:00+05:30,35.935,5.8603754,86.0,810.0,2026-03-25,2026-03-26T21:10:11.903433+05:30
2026-03-25 15:15:00+05:30,36.035,5.8603754,93.0,761.0,2026-03-25,2026-03-26T21:10:11.903433+05:30
2026-03-25 15:30:00+05:30,36.085003,6.162207,107.0,708.0,2026-03-25,2026-03-26T21:10:11.903433+05:30
2026-03-25 15:45:00+05:30,36.135002,6.489992,121.0,651.0,2026-03-25,2026-03-26T21:10:11.903433+05:30
2026-03-25 16:00:00+05:30,36.185,6.8399997,129.0,589.0,2026-03-25,2026-03-26T21:10:11.903433+05:30
2026-03-25 16:15:00+05:30,36.235,7.5685663,128.0,525.0,2026-03-25,2026-03-26T21:10:11.903433+05:30
2026-03-25 16:30:00+05:30,36.185,7.9526596,121.0,460.0,2026-03-25,2026-03-26T21:10:11.903433+05:30
2026-03-25 16:45:00+05:30,36.085003,8.669949,110.0,395.0,2026-03-25,2026-03-26T21:10:11.903433+05:30
2026-03-25 17:00:00+05:30,35.885002,9.0645685,97.0,327.0,2026-03-25,2026-03-26T21:10:11.903433+05:30
2026-03-25 17:15:00+05:30,35.685,9.779817,81.0,256.99997,2026-03-25,2026-03-26T21:10:11.903433+05:30
2026-03-25 17:30:00+05:30,35.485,10.1376915,63.0,186.00002,2026-03-25,2026-03-26T21:10:11.903433+05:30
2026-03-25 17:45:00+05:30,35.335003,10.182337,45.0,124.000015,2026-03-25,2026-03-26T21:10:11.903433+05:30
2026-03-25 18:00:00+05:30,35.135002,10.239453,30.0,77.000015,2026-03-25,2026-03-26T21:10:11.903433+05:30
2026-03-25 18:15:00+05:30,34.985,10.239453,18.0,43.999996,2026-03-25,2026-03-26T21:10:11.903433+05:30
2026-03-25 18:30:00+05:30,34.785,9.779817,8.0,17.999996,2026-03-25,2026-03-26T21:10:11.903433+05:30
2026-03-25 18:45:00+05:30,34.585003,9.0645685,0.0,0.0,2026-03-25,2026-03-26T21:10:11.903433+05:30
2026-03-25 19:00:00+05:30,34.385002,9.178235,0.0,0.0,2026-03-25,2026-03-26T21:10:11.903433+05:30
2026-03-25 19:15:00+05:30,34.135002,10.44,0.0,0.0,2026-03-25,2026-03-26T21:10:11.903433+05:30
2026-03-25 19:30:00+05:30,33.885002,11.885453,0.0,0.0,2026-03-25,2026-03-26T21:10:11.903433+05:30
2026-03-25 19:45:00+05:30,33.535,13.0447235,0.0,0.0,2026-03-25,2026-03-26T21:10:11.903433+05:30
2026-03-25 20:00:00+05:30,33.135002,14.512064,0.0,0.0,2026-03-25,2026-03-26T21:10:11.903433+05:30
2026-03-25 20:15:00+05:30,32.735,15.379206,0.0,0.0,2026-03-25,2026-03-26T21:10:11.903433+05:30
2026-03-25 20:30:00+05:30,32.485,15.256526,0.0,0.0,2026-03-25,2026-03-26T21:10:11.903433+05:30
2026-03-25 20:45:00+05:30,32.385002,14.24163,0.0,0.0,2026-03-25,2026-03-26T21:10:11.903433+05:30
2026-03-25 21:00:00+05:30,32.335003,12.245293,0.0,0.0,2026-03-25,2026-03-26T21:10:11.903433+05:30
2026-03-25 21:15:00+05:30,32.385002,10.1887,0.0,0.0,2026-03-25,2026-03-26T21:10:11.903433+05:30
2026-03-25 21:30:00+05:30,32.385002,8.714677,0.0,0.0,2026-03-25,2026-03-26T21:10:11.903433+05:30
2026-03-25 21:45:00+05:30,32.385002,7.8954163,0.0,0.0,2026-03-25,2026-03-26T21:10:11.903433+05:30
2026-03-25 22:00:00+05:30,32.385002,7.653705,0.0,0.0,2026-03-25,2026-03-26T21:10:11.903433+05:30
2026-03-25 22:15:00+05:30,32.335003,7.2,0.0,0.0,2026-03-25,2026-03-26T21:10:11.903433+05:30
2026-03-25 22:30:00+05:30,32.285,6.792466,0.0,0.0,2026-03-25,2026-03-26T21:10:11.903433+05:30
2026-03-25 22:45:00+05:30,32.185,5.95906,0.0,0.0,2026-03-25,2026-03-26T21:10:11.903433+05:30
2026-03-25 23:00:00+05:30,32.085003,5.4477882,0.0,0.0,2026-03-25,2026-03-26T21:10:11.903433+05:30
2026-03-25 23:15:00+05:30,31.935,5.0911684,0.0,0.0,2026-03-25,2026-03-26T21:10:11.903433+05:30
2026-03-25 23:30:00+05:30,31.785,5.0142193,0.0,0.0,2026-03-25,2026-03-26T21:10:11.903433+05:30
2026-03-25 23:45:00+05:30,31.585,5.495161,0.0,0.0,2026-03-25,2026-03-26T21:10:11.903433+05:30
